"version", "tiempo", "transaccion", "porcentaje"
"B", 61.0232912943152, 0, 16.2275134385952
"B", 71.8008112328586, 0, 19.1716678449998
"B", 99.2795351778036, 0, 14.1768537407906
"B", 61.6602320779626, 0, 14.531352587588
"B", 75.6079778141101, 0, 12.1191737095749